{
	"parent": "item/handheld",
	"textures": {
		"layer0": "item/warped_fungus_on_a_stick"
	},
	
	"overrides": [
		{"predicate": {"custom_model_data":1}, "model": "item/warped_fungus_on_a_stick/thor"},
		{"predicate": {"custom_model_data":501}, "model": "item/warped_fungus_on_a_stick/chemical_potion1"},
		{"predicate": {"custom_model_data":502}, "model": "item/warped_fungus_on_a_stick/chemical_potion2"},
		{"predicate": {"custom_model_data":502}, "model": "item/warped_fungus_on_a_stick/chemical_potion3"}
	]
}